{"templates":[{"name":"News 4","ID":4515,"parentID":0,"image":"https:\/\/ultp.wpxpo.com\/wp-content\/uploads\/2020\/11\/layout-new4.jpg","pro":true,"liveurl":"https:\/\/ultp.wpxpo.com\/template\/news-4\/","search":"","keyword":"","category":[{"name":"News","slug":"news"}]},{"name":"News 3","ID":4509,"parentID":0,"image":"https:\/\/ultp.wpxpo.com\/wp-content\/uploads\/2020\/10\/layout-news3.jpg","pro":true,"liveurl":"https:\/\/ultp.wpxpo.com\/template\/news-3\/","search":"","keyword":""},{"name":"Magazine 3","ID":4505,"parentID":0,"image":"https:\/\/ultp.wpxpo.com\/wp-content\/uploads\/2020\/09\/layout-magazine3.jpg","pro":true,"liveurl":"https:\/\/ultp.wpxpo.com\/template\/magazine-3\/","search":"","keyword":"","category":[{"name":"magazine","slug":"magazine"}]},{"name":"News","ID":3918,"parentID":0,"image":"https:\/\/ultp.wpxpo.com\/wp-content\/uploads\/2020\/09\/layout-news1.jpg","pro":true,"liveurl":"https:\/\/ultp.wpxpo.com\/template\/news\/","search":"","keyword":"","category":[{"name":"magazine","slug":"magazine"},{"name":"News","slug":"news"}]},{"name":"News 2","ID":3917,"parentID":0,"image":"https:\/\/ultp.wpxpo.com\/wp-content\/uploads\/2020\/09\/layout-news2.jpg","pro":true,"liveurl":"https:\/\/ultp.wpxpo.com\/template\/news-2\/","search":"","keyword":"","category":[{"name":"magazine","slug":"magazine"},{"name":"News","slug":"news"}]},{"name":"Magazine","ID":3915,"parentID":0,"image":"https:\/\/ultp.wpxpo.com\/wp-content\/uploads\/2020\/09\/layout-magazine1.jpg","pro":true,"liveurl":"https:\/\/ultp.wpxpo.com\/template\/magazine\/","search":"Magazine, News","keyword":"","category":[{"name":"magazine","slug":"magazine"},{"name":"News","slug":"news"}]},{"name":"Fashion","ID":3746,"parentID":0,"image":"https:\/\/ultp.wpxpo.com\/wp-content\/uploads\/2020\/09\/layout-fashion1.jpg","pro":false,"liveurl":"https:\/\/ultp.wpxpo.com\/template\/fashion\/","search":"","keyword":"","category":[{"name":"Fashion","slug":"fashion"},{"name":"magazine","slug":"magazine"}]},{"name":"Blog","ID":3745,"parentID":0,"image":"https:\/\/ultp.wpxpo.com\/wp-content\/uploads\/2020\/09\/layout-blog1.jpg","pro":false,"liveurl":"https:\/\/ultp.wpxpo.com\/template\/blog\/","search":"","keyword":"","category":[{"name":"Blog","slug":"blog"},{"name":"magazine","slug":"magazine"}]},{"name":"Magazine 2","ID":3744,"parentID":0,"image":"https:\/\/ultp.wpxpo.com\/wp-content\/uploads\/2020\/09\/layout-magazine2.jpg","pro":false,"liveurl":"https:\/\/ultp.wpxpo.com\/template\/magazine-2\/","search":"","keyword":"","category":[{"name":"Blog","slug":"blog"},{"name":"magazine","slug":"magazine"}]}],"designs":[{"name":"Post Slider #1-Style 1","ID":4457,"pro":true,"liveurl":"https:\/\/ultp.wpxpo.com\/design\/post-slider-1-style-1\/","search":"","image":"https:\/\/ultp.wpxpo.com\/wp-content\/uploads\/2020\/09\/post-slider-1-style1.jpg","category":[{"name":"Post Slider 1","slug":"post-slider-1"}]},{"name":"Post Grid #7-Style 4","ID":4450,"pro":true,"liveurl":"https:\/\/ultp.wpxpo.com\/design\/post-grid-7-style-4\/","search":"","image":"https:\/\/ultp.wpxpo.com\/wp-content\/uploads\/2020\/09\/post-grid-7-style4.jpg","category":[{"name":"Post Grid 7","slug":"post-grid-7"}]},{"name":"Post Grid #7-Style 3","ID":4449,"pro":true,"liveurl":"https:\/\/ultp.wpxpo.com\/design\/post-grid-7-style-3\/","search":"","image":"https:\/\/ultp.wpxpo.com\/wp-content\/uploads\/2020\/09\/post-grid-7-style2.jpg","category":[{"name":"Post Grid 7","slug":"post-grid-7"}]},{"name":"Post Grid #7-Style 2","ID":4448,"pro":true,"liveurl":"https:\/\/ultp.wpxpo.com\/design\/post-grid-7-style-2\/","search":"","image":"https:\/\/ultp.wpxpo.com\/wp-content\/uploads\/2020\/09\/post-grid-7-style2.jpg","category":[{"name":"Post Grid 7","slug":"post-grid-7"}]},{"name":"Post Grid #7-Style 1","ID":4447,"pro":true,"liveurl":"https:\/\/ultp.wpxpo.com\/design\/post-grid-7-style-1\/","search":"","image":"https:\/\/ultp.wpxpo.com\/wp-content\/uploads\/2020\/09\/post-grid-7-style1.jpg","category":[{"name":"Post Grid 7","slug":"post-grid-7"}]},{"name":"Post Grid #6-Style 4","ID":4441,"pro":true,"liveurl":"https:\/\/ultp.wpxpo.com\/design\/post-grid-6-style-4\/","search":"","image":"https:\/\/ultp.wpxpo.com\/wp-content\/uploads\/2020\/09\/post-grid-6-style4.jpg","category":[{"name":"Post Grid 6","slug":"post-grid-6"}]},{"name":"Post Grid #6-Style 3","ID":4440,"pro":true,"liveurl":"https:\/\/ultp.wpxpo.com\/design\/post-grid-6-style-3\/","search":"","image":"https:\/\/ultp.wpxpo.com\/wp-content\/uploads\/2020\/09\/post-grid-6-style3.jpg","category":[{"name":"Post Grid 6","slug":"post-grid-6"}]},{"name":"Post Grid #6-Style 2","ID":4439,"pro":true,"liveurl":"https:\/\/ultp.wpxpo.com\/design\/post-grid-6-style-2\/","search":"","image":"https:\/\/ultp.wpxpo.com\/wp-content\/uploads\/2020\/09\/post-grid-6-style2.jpg","category":[{"name":"Post Grid 6","slug":"post-grid-6"}]},{"name":"Post Grid #6-Style 1","ID":4438,"pro":true,"liveurl":"https:\/\/ultp.wpxpo.com\/design\/post-grid-6-style-1\/","search":"","image":"https:\/\/ultp.wpxpo.com\/wp-content\/uploads\/2020\/09\/post-grid-6-style1.jpg","category":[{"name":"Post Grid 6","slug":"post-grid-6"}]},{"name":"Post Grid #5-Style 4","ID":4432,"pro":true,"liveurl":"https:\/\/ultp.wpxpo.com\/design\/post-grid-5-style-4\/","search":"","image":"https:\/\/ultp.wpxpo.com\/wp-content\/uploads\/2020\/09\/post-grid-5-style4.jpg","category":[{"name":"Post Grid 5","slug":"post-grid-5"}]},{"name":"Post Grid #5-Style 3","ID":4431,"pro":true,"liveurl":"https:\/\/ultp.wpxpo.com\/design\/post-grid-5-style-3\/","search":"","image":"https:\/\/ultp.wpxpo.com\/wp-content\/uploads\/2020\/09\/post-grid-5-style3.jpg","category":[{"name":"Post Grid 5","slug":"post-grid-5"}]},{"name":"Post Grid #5-Style 2","ID":4430,"pro":true,"liveurl":"https:\/\/ultp.wpxpo.com\/design\/post-grid-5-style-2\/","search":"","image":"https:\/\/ultp.wpxpo.com\/wp-content\/uploads\/2020\/09\/post-grid-5-style2.jpg","category":[{"name":"Post Grid 5","slug":"post-grid-5"}]},{"name":"Post Grid #5-Style 1","ID":4429,"pro":true,"liveurl":"https:\/\/ultp.wpxpo.com\/design\/post-grid-5-style-1\/","search":"","image":"https:\/\/ultp.wpxpo.com\/wp-content\/uploads\/2020\/09\/post-grid-5-style1.jpg","category":[{"name":"Post Grid 5","slug":"post-grid-5"}]},{"name":"Post Grid #4-Style 4","ID":4423,"pro":true,"liveurl":"https:\/\/ultp.wpxpo.com\/design\/post-grid-4-style-4\/","search":"","image":"https:\/\/ultp.wpxpo.com\/wp-content\/uploads\/2020\/09\/post-grid-4-style4.jpg","category":[{"name":"Post Grid 4","slug":"post-grid-4"}]},{"name":"Post Grid #4-Style 3","ID":4422,"pro":true,"liveurl":"https:\/\/ultp.wpxpo.com\/design\/post-grid-4-style-3\/","search":"","image":"https:\/\/ultp.wpxpo.com\/wp-content\/uploads\/2020\/09\/post-grid-4-style3.jpg","category":[{"name":"Post Grid 4","slug":"post-grid-4"}]},{"name":"Post Grid #4-Style 2","ID":4421,"pro":true,"liveurl":"https:\/\/ultp.wpxpo.com\/design\/post-grid-4-style-2\/","search":"","image":"https:\/\/ultp.wpxpo.com\/wp-content\/uploads\/2020\/09\/post-grid-4-style2.jpg","category":[{"name":"Post Grid 4","slug":"post-grid-4"}]},{"name":"Post Grid #4-Style 1","ID":4420,"pro":true,"liveurl":"https:\/\/ultp.wpxpo.com\/design\/post-grid-4-style-1\/","search":"","image":"https:\/\/ultp.wpxpo.com\/wp-content\/uploads\/2020\/09\/post-grid-4-style1.jpg","category":[{"name":"Post Grid 4","slug":"post-grid-4"}]},{"name":"Post Grid #3-Style 5","ID":4413,"pro":true,"liveurl":"https:\/\/ultp.wpxpo.com\/design\/post-grid-3-style-5\/","search":"","image":"https:\/\/ultp.wpxpo.com\/wp-content\/uploads\/2020\/09\/post-grid-3-style5.jpg","category":[{"name":"Post Grid 3","slug":"post-grid-3"}]},{"name":"Post Grid #3-Style 4","ID":4412,"pro":true,"liveurl":"https:\/\/ultp.wpxpo.com\/design\/post-grid-3-style-4\/","search":"","image":"https:\/\/ultp.wpxpo.com\/wp-content\/uploads\/2020\/09\/post-grid-3-style4.jpg","category":[{"name":"Post Grid 3","slug":"post-grid-3"}]},{"name":"Post Grid #3-Style 3","ID":4411,"pro":true,"liveurl":"https:\/\/ultp.wpxpo.com\/design\/post-grid-3-style-3\/","search":"","image":"https:\/\/ultp.wpxpo.com\/wp-content\/uploads\/2020\/09\/post-grid-3-style3.jpg","category":[{"name":"Post Grid 3","slug":"post-grid-3"}]},{"name":"Post Grid #3-Style 2","ID":4410,"pro":true,"liveurl":"https:\/\/ultp.wpxpo.com\/design\/post-grid-3-style-2\/","search":"","image":"https:\/\/ultp.wpxpo.com\/wp-content\/uploads\/2020\/09\/post-grid-3-style2.jpg","category":[{"name":"Post Grid 3","slug":"post-grid-3"}]},{"name":"Post Grid #3-Style 1","ID":4409,"pro":false,"liveurl":"https:\/\/ultp.wpxpo.com\/design\/post-grid-3-style-1\/","search":"","image":"https:\/\/ultp.wpxpo.com\/wp-content\/uploads\/2020\/09\/post-grid-3-style1.jpg","category":[{"name":"Post Grid 3","slug":"post-grid-3"}]},{"name":"Post Grid #2-Style 3","ID":4403,"pro":false,"liveurl":"https:\/\/ultp.wpxpo.com\/design\/post-grid-2-style-3\/","search":"","image":"https:\/\/ultp.wpxpo.com\/wp-content\/uploads\/2020\/09\/post-grid-2-style3.jpg","category":[{"name":"Post Grid 2","slug":"post-grid-2"}]},{"name":"Post Grid #2-Style 2","ID":4402,"pro":true,"liveurl":"https:\/\/ultp.wpxpo.com\/design\/post-grid-2-style-2\/","search":"","image":"https:\/\/ultp.wpxpo.com\/wp-content\/uploads\/2020\/09\/post-grid-2-style2.jpg","category":[{"name":"Post Grid 2","slug":"post-grid-2"}]},{"name":"Post Grid #2-Style 1","ID":4401,"pro":false,"liveurl":"https:\/\/ultp.wpxpo.com\/design\/post-grid-2-style-1\/","search":"","image":"https:\/\/ultp.wpxpo.com\/wp-content\/uploads\/2020\/09\/post-grid-2-style1.jpg","category":[{"name":"Post Grid 2","slug":"post-grid-2"}]},{"name":"Post Grid #1-Style 6","ID":4393,"pro":true,"liveurl":"https:\/\/ultp.wpxpo.com\/design\/post-grid-1-style-6\/","search":"","image":"https:\/\/ultp.wpxpo.com\/wp-content\/uploads\/2020\/09\/post-grid-1-style6.jpg","category":[{"name":"Post Grid 1","slug":"post-grid-1"}]},{"name":"Post Grid #1-Style 5","ID":4392,"pro":true,"liveurl":"https:\/\/ultp.wpxpo.com\/design\/post-grid-1-style-5\/","search":"","image":"https:\/\/ultp.wpxpo.com\/wp-content\/uploads\/2020\/09\/post-grid-1-style5.jpg","category":[{"name":"Post Grid 1","slug":"post-grid-1"}]},{"name":"Post Grid #1-Style 4","ID":4391,"pro":true,"liveurl":"https:\/\/ultp.wpxpo.com\/design\/post-grid-1-style-4\/","search":"","image":"https:\/\/ultp.wpxpo.com\/wp-content\/uploads\/2020\/09\/post-grid-1-style4.jpg","category":[{"name":"Post Grid 1","slug":"post-grid-1"}]},{"name":"Post Grid #1-Style 3","ID":4390,"pro":false,"liveurl":"https:\/\/ultp.wpxpo.com\/design\/post-grid-1-style-3\/","search":"","image":"https:\/\/ultp.wpxpo.com\/wp-content\/uploads\/2020\/09\/post-grid-1-style3.jpg","category":[{"name":"Post Grid 1","slug":"post-grid-1"}]},{"name":"Post Grid #1-Style 2","ID":4389,"pro":true,"liveurl":"https:\/\/ultp.wpxpo.com\/design\/post-grid-1-style-2\/","search":"","image":"https:\/\/ultp.wpxpo.com\/wp-content\/uploads\/2020\/09\/post-grid-1-style2.jpg","category":[{"name":"Post Grid 1","slug":"post-grid-1"}]},{"name":"Post Grid #1-Style 1","ID":4388,"pro":false,"liveurl":"https:\/\/ultp.wpxpo.com\/design\/post-grid-1-style-1\/","search":"","image":"https:\/\/ultp.wpxpo.com\/wp-content\/uploads\/2020\/09\/post-grid-1-style1.jpg","category":[{"name":"Post Grid 1","slug":"post-grid-1"}]},{"name":"Post Module #2-Style 7","ID":4376,"pro":true,"liveurl":"https:\/\/ultp.wpxpo.com\/design\/post-module-2-style-7\/","search":"","image":"https:\/\/ultp.wpxpo.com\/wp-content\/uploads\/2020\/09\/post-module-2-style7.jpg","category":[{"name":"Post Module 2","slug":"post-module-2"}]},{"name":"Post Module #2-Style 6","ID":4375,"pro":true,"liveurl":"https:\/\/ultp.wpxpo.com\/design\/post-module-2-style-6\/","search":"","image":"https:\/\/ultp.wpxpo.com\/wp-content\/uploads\/2020\/09\/post-module-2-style6.jpg","category":[{"name":"Post Module 2","slug":"post-module-2"}]},{"name":"Post Module #2-Style 5","ID":4374,"pro":true,"liveurl":"https:\/\/ultp.wpxpo.com\/design\/post-module-2-style-5\/","search":"","image":"https:\/\/ultp.wpxpo.com\/wp-content\/uploads\/2020\/09\/post-module-2-style5.jpg","category":[{"name":"Post Module 2","slug":"post-module-2"}]},{"name":"Post Module #2-Style 4","ID":4373,"pro":true,"liveurl":"https:\/\/ultp.wpxpo.com\/design\/post-module-2-style-4\/","search":"","image":"https:\/\/ultp.wpxpo.com\/wp-content\/uploads\/2020\/09\/post-module-2-style4.jpg","category":[{"name":"Post Module 2","slug":"post-module-2"}]},{"name":"Post Module #2-Style 3","ID":4372,"pro":true,"liveurl":"https:\/\/ultp.wpxpo.com\/design\/post-module-2-style-3\/","search":"","image":"https:\/\/ultp.wpxpo.com\/wp-content\/uploads\/2020\/09\/post-module-2-style3.jpg","category":[{"name":"Post Module 2","slug":"post-module-2"}]},{"name":"Post Module #2-Style 2","ID":4371,"pro":true,"liveurl":"https:\/\/ultp.wpxpo.com\/design\/post-module-2-style-2\/","search":"","image":"https:\/\/ultp.wpxpo.com\/wp-content\/uploads\/2020\/09\/post-module-2-style2.jpg","category":[{"name":"Post Module 2","slug":"post-module-2"}]},{"name":"Post Module #2-Style 1","ID":4370,"pro":true,"liveurl":"https:\/\/ultp.wpxpo.com\/design\/post-module-2-style-1\/","search":"","image":"https:\/\/ultp.wpxpo.com\/wp-content\/uploads\/2020\/09\/post-module-2-style1.jpg","category":[{"name":"Post Module 2","slug":"post-module-2"}]},{"name":"Post List #4-Style 12","ID":4355,"pro":true,"liveurl":"https:\/\/ultp.wpxpo.com\/design\/post-list-4-style12\/","search":"","image":"https:\/\/ultp.wpxpo.com\/wp-content\/uploads\/2020\/09\/post-list-4-style-12.jpg","category":[{"name":"Post List 4","slug":"post-list-4"}]},{"name":"Post List #4-Style 11","ID":4354,"pro":true,"liveurl":"https:\/\/ultp.wpxpo.com\/design\/post-list-4-style11\/","search":"","image":"https:\/\/ultp.wpxpo.com\/wp-content\/uploads\/2020\/09\/post-list-4-style-11.jpg","category":[{"name":"Post List 4","slug":"post-list-4"}]},{"name":"Post List #4-Style 10","ID":4353,"pro":true,"liveurl":"https:\/\/ultp.wpxpo.com\/design\/post-list-4-style10\/","search":"","image":"https:\/\/ultp.wpxpo.com\/wp-content\/uploads\/2020\/09\/post-list-4-style-10.jpg","category":[{"name":"Post List 4","slug":"post-list-4"}]},{"name":"Post List #4-Style 9","ID":4352,"pro":true,"liveurl":"https:\/\/ultp.wpxpo.com\/design\/post-list-4-style9\/","search":"","image":"https:\/\/ultp.wpxpo.com\/wp-content\/uploads\/2020\/09\/post-list-4-style-9.jpg","category":[{"name":"Post List 4","slug":"post-list-4"}]},{"name":"Post List #4-Style 8","ID":4351,"pro":true,"liveurl":"https:\/\/ultp.wpxpo.com\/design\/post-list-4-style8\/","search":"","image":"https:\/\/ultp.wpxpo.com\/wp-content\/uploads\/2020\/09\/post-list-4-style-8.jpg","category":[{"name":"Post List 4","slug":"post-list-4"}]},{"name":"Post List #4-Style 7","ID":4350,"pro":true,"liveurl":"https:\/\/ultp.wpxpo.com\/design\/post-list-4-style7\/","search":"","image":"https:\/\/ultp.wpxpo.com\/wp-content\/uploads\/2020\/09\/post-list-4-style-7.jpg","category":[{"name":"Post List 4","slug":"post-list-4"}]},{"name":"Post List #4-Style 6","ID":4349,"pro":true,"liveurl":"https:\/\/ultp.wpxpo.com\/design\/post-list-4-style6\/","search":"","image":"https:\/\/ultp.wpxpo.com\/wp-content\/uploads\/2020\/09\/post-list-4-style-6.jpg","category":[{"name":"Post List 4","slug":"post-list-4"}]},{"name":"Post List #4-Style 5","ID":4348,"pro":true,"liveurl":"https:\/\/ultp.wpxpo.com\/design\/post-list-4-style5\/","search":"","image":"https:\/\/ultp.wpxpo.com\/wp-content\/uploads\/2020\/09\/post-list-4-style-5.jpg","category":[{"name":"Post List 4","slug":"post-list-4"}]},{"name":"Post List #4-Style 4","ID":4347,"pro":true,"liveurl":"https:\/\/ultp.wpxpo.com\/design\/post-list-4-style4\/","search":"","image":"https:\/\/ultp.wpxpo.com\/wp-content\/uploads\/2020\/09\/post-list-4-style-4.jpg","category":[{"name":"Post List 4","slug":"post-list-4"}]},{"name":"Post List #4-Style 3","ID":4346,"pro":true,"liveurl":"https:\/\/ultp.wpxpo.com\/design\/post-list-4-style3\/","search":"","image":"https:\/\/ultp.wpxpo.com\/wp-content\/uploads\/2020\/09\/post-list-4-style-3.jpg","category":[{"name":"Post List 4","slug":"post-list-4"}]},{"name":"Post List #4-Style 2","ID":4345,"pro":true,"liveurl":"https:\/\/ultp.wpxpo.com\/design\/post-list-4-style2\/","search":"","image":"https:\/\/ultp.wpxpo.com\/wp-content\/uploads\/2020\/09\/post-list-4-style-2.jpg","category":[{"name":"Post List 4","slug":"post-list-4"}]},{"name":"Post List #4-Style 1","ID":4344,"pro":true,"liveurl":"https:\/\/ultp.wpxpo.com\/design\/post-list-4-style1\/","search":"","image":"https:\/\/ultp.wpxpo.com\/wp-content\/uploads\/2020\/09\/post-list-4-style-1.jpg","category":[{"name":"Post List 4","slug":"post-list-4"}]},{"name":"Post List #3-Style 8","ID":4338,"pro":true,"liveurl":"https:\/\/ultp.wpxpo.com\/design\/post-list-3-style-8\/","search":"","image":"https:\/\/ultp.wpxpo.com\/wp-content\/uploads\/2020\/09\/post-list-3-style8.jpg","category":[{"name":"Post List 3","slug":"post-list-3"}]},{"name":"Post List #3-Style 7","ID":4337,"pro":true,"liveurl":"https:\/\/ultp.wpxpo.com\/design\/post-list-3-style-7\/","search":"","image":"https:\/\/ultp.wpxpo.com\/wp-content\/uploads\/2020\/09\/post-list-3-style7.jpg","category":[{"name":"Post List 3","slug":"post-list-3"}]},{"name":"Post List #3-Style 6","ID":4336,"pro":true,"liveurl":"https:\/\/ultp.wpxpo.com\/design\/post-list-3-style-6\/","search":"","image":"https:\/\/ultp.wpxpo.com\/wp-content\/uploads\/2020\/09\/post-list-3-style6.jpg","category":[{"name":"Post List 3","slug":"post-list-3"}]},{"name":"Post List #3-Style 5","ID":4335,"pro":true,"liveurl":"https:\/\/ultp.wpxpo.com\/design\/post-list-3-style-5\/","search":"","image":"https:\/\/ultp.wpxpo.com\/wp-content\/uploads\/2020\/09\/post-list-3-style5.jpg","category":[{"name":"Post List 3","slug":"post-list-3"}]},{"name":"Post List #3-Style 4","ID":4334,"pro":true,"liveurl":"https:\/\/ultp.wpxpo.com\/design\/post-list-3-style-4\/","search":"","image":"https:\/\/ultp.wpxpo.com\/wp-content\/uploads\/2020\/09\/post-list-3-style4.jpg","category":[{"name":"Post List 3","slug":"post-list-3"}]},{"name":"Post List #3-Style 3","ID":4333,"pro":true,"liveurl":"https:\/\/ultp.wpxpo.com\/design\/post-list-3-style-3\/","search":"","image":"https:\/\/ultp.wpxpo.com\/wp-content\/uploads\/2020\/09\/post-list-3-style3.jpg","category":[{"name":"Post List 3","slug":"post-list-3"}]},{"name":"Post List #3-Style 2","ID":4332,"pro":true,"liveurl":"https:\/\/ultp.wpxpo.com\/design\/post-list-3-style-2\/","search":"","image":"https:\/\/ultp.wpxpo.com\/wp-content\/uploads\/2020\/09\/post-list-3-style2.jpg","category":[{"name":"Post List 3","slug":"post-list-3"}]},{"name":"Post List #3-Style 1","ID":4331,"pro":false,"liveurl":"https:\/\/ultp.wpxpo.com\/design\/post-list-3-style-1\/","search":"","image":"https:\/\/ultp.wpxpo.com\/wp-content\/uploads\/2020\/09\/post-list-3-style1.jpg","category":[{"name":"Post List 3","slug":"post-list-3"}]},{"name":"Post List #2-Style 8","ID":4306,"pro":true,"liveurl":"https:\/\/ultp.wpxpo.com\/design\/post-list-2-style8\/","search":"","image":"https:\/\/ultp.wpxpo.com\/wp-content\/uploads\/2020\/09\/post-list-2-style-8.jpg","category":[{"name":"Post Grid 2","slug":"post-grid-2"}]},{"name":"Post List #2-Style 7","ID":4305,"pro":true,"liveurl":"https:\/\/ultp.wpxpo.com\/design\/post-list-2-style7\/","search":"","image":"https:\/\/ultp.wpxpo.com\/wp-content\/uploads\/2020\/09\/post-list-2-style-7.jpg","category":[{"name":"Post List 2","slug":"post-list-2"}]},{"name":"Post List #2-Style 6","ID":4304,"pro":true,"liveurl":"https:\/\/ultp.wpxpo.com\/design\/post-list-2-style6\/","search":"","image":"https:\/\/ultp.wpxpo.com\/wp-content\/uploads\/2020\/09\/post-list-2-style-6.jpg","category":[{"name":"Post List 2","slug":"post-list-2"}]},{"name":"Post List #2-Style 5","ID":4303,"pro":true,"liveurl":"https:\/\/ultp.wpxpo.com\/design\/post-list-2-style5\/","search":"","image":"https:\/\/ultp.wpxpo.com\/wp-content\/uploads\/2020\/09\/post-list-2-style-5.jpg","category":[{"name":"Post List 2","slug":"post-list-2"}]},{"name":"Post List #2-Style 4","ID":4302,"pro":true,"liveurl":"https:\/\/ultp.wpxpo.com\/design\/post-list-2-style4\/","search":"","image":"https:\/\/ultp.wpxpo.com\/wp-content\/uploads\/2020\/09\/post-list-2-style-4.jpg","category":[{"name":"Post List 2","slug":"post-list-2"}]},{"name":"Post List #2-Style 3","ID":4301,"pro":true,"liveurl":"https:\/\/ultp.wpxpo.com\/design\/post-list-2-style3\/","search":"","image":"https:\/\/ultp.wpxpo.com\/wp-content\/uploads\/2020\/09\/post-list-2-style-3.jpg","category":[{"name":"Post List 2","slug":"post-list-2"}]},{"name":"Post List #2-Style 2","ID":4300,"pro":false,"liveurl":"https:\/\/ultp.wpxpo.com\/design\/post-list-2-style2\/","search":"","image":"https:\/\/ultp.wpxpo.com\/wp-content\/uploads\/2020\/09\/post-list-2-style-2.jpg","category":[{"name":"Post List 2","slug":"post-list-2"}]},{"name":"Post List #2-Style 1","ID":4299,"pro":true,"liveurl":"https:\/\/ultp.wpxpo.com\/design\/post-list-2-style1\/","search":"","image":"https:\/\/ultp.wpxpo.com\/wp-content\/uploads\/2020\/09\/post-list-2-style-1.jpg","category":[{"name":"Post List 2","slug":"post-list-2"}]},{"name":"Post List #1-Style 3","ID":4298,"pro":false,"liveurl":"https:\/\/ultp.wpxpo.com\/design\/post-list-1-style3\/","search":"","image":"https:\/\/ultp.wpxpo.com\/wp-content\/uploads\/2020\/09\/post-list-1-style-3.jpg","category":[{"name":"Post List 1","slug":"post-list-1"}]},{"name":"Post List #1-Style 2","ID":4297,"pro":false,"liveurl":"https:\/\/ultp.wpxpo.com\/design\/post-list-1-style2\/","search":"","image":"https:\/\/ultp.wpxpo.com\/wp-content\/uploads\/2020\/09\/post-list-1-style-2.jpg","category":[{"name":"Post List 1","slug":"post-list-1"}]},{"name":"Post List #1-Style 1","ID":4296,"pro":false,"liveurl":"https:\/\/ultp.wpxpo.com\/design\/post-list-1-style1\/","search":"","image":"https:\/\/ultp.wpxpo.com\/wp-content\/uploads\/2020\/09\/post-list-1-style-1.jpg","category":[{"name":"Post List 1","slug":"post-list-1"}]},{"name":"Post Module #1-Style 5","ID":4244,"pro":true,"liveurl":"https:\/\/ultp.wpxpo.com\/design\/post-module-1-style-5\/","search":"","image":"https:\/\/ultp.wpxpo.com\/wp-content\/uploads\/2020\/09\/post-module-1-style-5.jpg","category":[{"name":"Post Module 1","slug":"post-module-1"}]},{"name":"Post Module #1-Style 4","ID":4243,"pro":true,"liveurl":"https:\/\/ultp.wpxpo.com\/design\/post-module-1-style-4\/","search":"","image":"https:\/\/ultp.wpxpo.com\/wp-content\/uploads\/2020\/09\/post-module-1-style-4.jpg","category":[{"name":"Post Module 1","slug":"post-module-1"}]},{"name":"Post Module #1-Style 3","ID":4242,"pro":true,"liveurl":"https:\/\/ultp.wpxpo.com\/design\/post-module-1-style-3\/","search":"","image":"https:\/\/ultp.wpxpo.com\/wp-content\/uploads\/2020\/09\/post-module-1-style-3.jpg","category":[{"name":"Post Module 1","slug":"post-module-1"}]},{"name":"Post Module #1-Style 2","ID":4241,"pro":true,"liveurl":"https:\/\/ultp.wpxpo.com\/design\/post-module-1-style-2\/","search":"","image":"https:\/\/ultp.wpxpo.com\/wp-content\/uploads\/2020\/09\/post-module-1-style-2.jpg","category":[{"name":"Post Module 1","slug":"post-module-1"}]},{"name":"Post Module #1-Style 1","ID":4240,"pro":true,"liveurl":"https:\/\/ultp.wpxpo.com\/design\/post-module-1-style-1\/","search":"","image":"https:\/\/ultp.wpxpo.com\/wp-content\/uploads\/2020\/09\/post-module-1-style-1.jpg","category":[{"name":"Post Module 1","slug":"post-module-1"}]}]}